{ "_id" : 1, "name" : "channels1", "group_id" : 1, "createdAt" : { "$date" : "2018-09-20T11:00:45.226+0000" }, "updatedAt" : { "$date" : "2018-09-20T16:00:42.710+0000" } }
{ "_id" : 2, "name" : "channel2", "group_id" : 1, "createdAt" : { "$date" : "2018-09-20T11:00:52.048+0000" }, "updatedAt" : { "$date" : "2018-09-20T16:00:42.710+0000" } }
{ "_id" : 3, "name" : "channel3", "group_id" : 1, "createdAt" : { "$date" : "2018-09-20T11:00:57.128+0000" }, "updatedAt" : { "$date" : "2018-09-20T16:00:42.710+0000" } }
{ "_id" : 4, "name" : "channel4", "group_id" : 2, "createdAt" : { "$date" : "2018-09-20T11:01:02.256+0000" }, "updatedAt" : { "$date" : "2018-09-20T16:00:16.538+0000" } }
{ "_id" : 5, "name" : "channel5", "group_id" : 2, "createdAt" : { "$date" : "2018-09-20T11:01:07.749+0000" }, "updatedAt" : { "$date" : "2018-09-20T16:00:16.538+0000" } }
