{ "_id" : { "$oid" : "5ba3c435a0bf403f1678e6ef" }, "user_id" : 10, "channel" : 1, "createdAt" : { "$date" : "2018-09-20T16:00:53.977+0000" }, "updatedAt" : { "$date" : "2018-09-20T16:00:53.977+0000" } }
{ "_id" : { "$oid" : "5ba3c446a0bf403f1678e6f1" }, "user_id" : 9, "channel" : 2, "createdAt" : { "$date" : "2018-09-20T16:01:10.946+0000" }, "updatedAt" : { "$date" : "2018-09-20T16:01:10.946+0000" } }
{ "_id" : { "$oid" : "5ba3c446a0bf403f1678e6f2" }, "user_id" : 10, "channel" : 2, "createdAt" : { "$date" : "2018-09-20T16:01:10.949+0000" }, "updatedAt" : { "$date" : "2018-09-20T16:01:10.949+0000" } }
{ "_id" : { "$oid" : "5ba3c446a0bf403f1678e6f3" }, "user_id" : 11, "channel" : 2, "createdAt" : { "$date" : "2018-09-20T16:01:10.950+0000" }, "updatedAt" : { "$date" : "2018-09-20T16:01:10.950+0000" } }
