{ "_id" : 1, "name" : "group3", "createdAt" : { "$date" : "2018-09-20T10:59:28.027+0000" }, "updatedAt" : { "$date" : "2018-09-20T10:59:28.027+0000" } }
{ "_id" : 2, "name" : "group1", "createdAt" : { "$date" : "2018-09-20T11:00:05.884+0000" }, "updatedAt" : { "$date" : "2018-09-20T11:00:05.884+0000" } }
{ "_id" : 3, "name" : "group2", "createdAt" : { "$date" : "2018-09-20T11:00:15.879+0000" }, "updatedAt" : { "$date" : "2018-09-20T11:00:15.879+0000" } }
{ "_id" : 4, "name" : "group4", "createdAt" : { "$date" : "2018-09-20T11:00:26.176+0000" }, "updatedAt" : { "$date" : "2018-09-20T11:00:26.176+0000" } }
