{ "_id" : 1, "first_name" : "super", "last_name" : "admin", "user_name" : "super_admin", "password" : "$argon2i$v=19$m=4096,t=3,p=1$6iXGsbWxa9JfL4H3Pm320A$IyEdliN6t0snAVequv4x2JCu07evW302xeTxZeoZ3wc", "email" : "admin@gmail.com", "activated" : true, "role_id" : 1, "createdAt" : { "$date" : "2018-09-20T09:47:39.467+0000" }, "updatedAt" : { "$date" : "2018-10-01T22:20:39.793+0000" }, "profile" : "/public/profile/1/c46548b1-1669-4de5-8619-790ae9179926.png" }
{ "_id" : 2, "first_name" : "test", "last_name" : "criteria", "user_name" : "criteria", "password" : "$argon2i$v=19$m=4096,t=3,p=1$Yi3I7qC1eE4XaxD6KhpG+Q$EMw2jncVUFs3FIP8Ik9r58kutK2wJ1HKiQAsxAAShsw", "email" : "criteria@yahoo.com", "activated" : true, "role_id" : 2, "createdAt" : { "$date" : "2018-09-20T10:24:09.563+0000" }, "updatedAt" : { "$date" : "2018-09-29T08:59:44.294+0000" }, "profile" : "/public/profile/user.png" }
{ "_id" : 3, "first_name" : "test1111", "last_name" : "test", "user_name" : "test", "password" : "$argon2i$v=19$m=4096,t=3,p=1$1OtP0WEWp0+Y1lmrMjWhxw$Rhaz9eign7Q64AO/rIHBNqPZTktQSO+l5EtwhsTDlP8", "email" : "test@yahoo.com", "activated" : false, "role_id" : 2, "createdAt" : { "$date" : "2018-09-20T10:27:54.014+0000" }, "updatedAt" : { "$date" : "2018-09-29T08:59:46.140+0000" }, "profile" : "/public/profile/user.png" }
{ "_id" : 8, "first_name" : "test222", "last_name" : "test222", "user_name" : "test222", "password" : "$argon2i$v=19$m=4096,t=3,p=1$LyuXYujWZUnAhy/QOwbjDA$0R3h2m/9TEZSMH8BWB8Ch5tmrULFcCur03dxdyZbmO0", "email" : "sam@gmail.com", "activated" : true, "role_id" : 2, "createdAt" : { "$date" : "2018-09-20T10:52:14.467+0000" }, "updatedAt" : { "$date" : "2018-09-29T08:59:48.031+0000" }, "profile" : "/public/profile/user.png" }
{ "_id" : 9, "first_name" : "test1", "last_name" : "test1", "user_name" : "test1", "password" : "$argon2i$v=19$m=4096,t=3,p=1$6goWFxTEIn8yQoVghXuCDQ$KP2O8mbik9ULbP1c0H5WM4fTOF26Irj46X6HZaFFVGg", "email" : "test@gmail.com", "activated" : true, "role_id" : 3, "createdAt" : { "$date" : "2018-09-20T10:54:07.095+0000" }, "updatedAt" : { "$date" : "2018-09-30T21:11:27.390+0000" }, "profile" : "/public/profile/9/7ee7faa3-2d3e-4e55-95b7-646073382520.png" }
{ "_id" : 10, "first_name" : "test2", "last_name" : "test2", "user_name" : "test2", "password" : "$argon2i$v=19$m=4096,t=3,p=1$0UcXu0pwo9GWUVRmTYyJqA$ePqwKDuAgfKdlD22WHqOVq6fOmy0EMcNXLXi0FQJcYU", "email" : "test@gmail.com", "activated" : true, "role_id" : 3, "createdAt" : { "$date" : "2018-09-20T10:54:36.635+0000" }, "updatedAt" : { "$date" : "2018-09-29T08:59:55.312+0000" }, "profile" : "/public/profile/user.png" }
{ "_id" : 11, "first_name" : "test33", "last_name" : "test3", "user_name" : "test3", "password" : "$argon2i$v=19$m=4096,t=3,p=1$AQXmaU7iC/f89OjEt9wxYw$ZxCFym0Iy2zYbQ6H1qR9P6MkF9p2Mq5QY71TMMdaF+w", "email" : "test@gmail.com", "activated" : true, "role_id" : 3, "createdAt" : { "$date" : "2018-09-20T10:54:58.020+0000" }, "updatedAt" : { "$date" : "2018-09-29T08:59:57.025+0000" }, "profile" : "/public/profile/user.png" }
